rank,prev_rank,name,league,off,def,spi
1,1,Manchester City,Barclays Premier League,2.82,0.2,93.28
2,2,Bayern Munich,German Bundesliga,3.19,0.47,91.76
3,3,Barcelona,Spanish Primera Division,3.18,0.54,90.74
4,5,Liverpool,Barclays Premier League,2.72,0.45,88.6
5,6,Chelsea,Barclays Premier League,2.47,0.39,87.34
6,4,Atletico Madrid,Spanish Primera Division,2.22,0.27,87.27
7,7,Real Madrid,Spanish Primera Division,2.54,0.44,87.16
8,8,Paris Saint-Germain,French Ligue 1,2.68,0.57,86.12
9,10,RB Leipzig,German Bundesliga,2.37,0.48,84.55
10,9,Borussia Dortmund,German Bundesliga,2.52,0.58,84.25
11,12,Manchester United,Barclays Premier League,2.52,0.59,84.02
12,11,Juventus,Italy Serie A,2.44,0.6,82.97
13,15,Internazionale,Italy Serie A,2.46,0.63,82.68
14,13,Real Sociedad,Spanish Primera Division,2.15,0.45,82.54
15,14,Bayer Leverkusen,German Bundesliga,2.29,0.54,82.44
16,16,Tottenham Hotspur,Barclays Premier League,2.27,0.57,81.48
17,18,Atalanta,Italy Serie A,2.37,0.67,80.8
18,19,Villarreal,Spanish Primera Division,2.12,0.52,80.68
19,20,Ajax,Dutch Eredivisie,2.68,0.88,80.35
20,22,Sevilla FC,Spanish Primera Division,2.05,0.5,80.19
21,17,Napoli,Italy Serie A,2.09,0.53,80.13
22,26,Lyon,French Ligue 1,2.18,0.63,78.99
23,25,Arsenal,Barclays Premier League,2.09,0.58,78.9
24,24,AC Milan,Italy Serie A,2.3,0.74,78.46
25,32,Aston Villa,Barclays Premier League,2.19,0.67,78.38
26,27,Leicester City,Barclays Premier League,2.15,0.64,78.35
27,21,FC Salzburg,Austrian T-Mobile Bundesliga,2.88,1.13,78.11
28,23,AS Roma,Italy Serie A,2.31,0.77,77.83
29,31,Southampton,Barclays Premier League,1.96,0.63,75.78
30,29,Lille,French Ligue 1,1.88,0.58,75.64
31,28,Borussia Monchengladbach,German Bundesliga,2.31,0.87,75.64
32,38,Celta Vigo,Spanish Primera Division,2.01,0.69,75.18
33,30,Wolverhampton,Barclays Premier League,1.83,0.57,74.99
34,33,Everton,Barclays Premier League,2.06,0.73,74.9
35,34,VfL Wolfsburg,German Bundesliga,2.06,0.74,74.77
36,35,FC Porto,Portuguese Liga,2.1,0.78,74.56
37,36,Zenit St Petersburg,Russian Premier Liga,2.15,0.82,74.32
38,39,Benfica,Portuguese Liga,2.24,0.89,74.23
39,37,West Ham United,Barclays Premier League,2.01,0.75,73.71
40,43,TSG Hoffenheim,German Bundesliga,2.19,0.91,73.12
41,41,Brighton and Hove Albion,Barclays Premier League,1.89,0.69,73.11
42,46,Getafe,Spanish Primera Division,1.61,0.51,72.71
43,42,Eintracht Frankfurt,German Bundesliga,2.15,0.9,72.58
44,44,Athletic Bilbao,Spanish Primera Division,1.8,0.65,72.45
45,45,Shakhtar Donetsk,UEFA Europa League,2.23,1.0,71.75
46,52,Lazio,Italy Serie A,2.08,0.9,71.45
47,47,Olympiacos,Greek Super League,1.91,0.78,71.43
48,40,AS Monaco,French Ligue 1,2.05,0.89,70.98
49,48,Club Brugge,Belgian Jupiler League,1.9,0.81,70.47
50,49,Flamengo,Brasileiro Série A,2.12,0.97,70.32
51,51,1. FC Union Berlin,German Bundesliga,1.87,0.8,70.06
52,55,VfB Stuttgart,German Bundesliga,2.02,0.93,69.57
53,57,Rangers,Scottish Premiership,1.97,0.9,69.44
54,60,Real Betis,Spanish Primera Division,1.84,0.82,68.88
55,56,Levante,Spanish Primera Division,1.88,0.86,68.76
56,50,Eibar,Spanish Primera Division,1.65,0.7,68.41
57,54,Hertha Berlin,German Bundesliga,1.9,0.92,67.78
58,59,Young Boys,Swiss Raiffeisen Super League,2.01,1.02,67.57
59,70,SC Freiburg,German Bundesliga,1.96,0.98,67.5
60,64,Stade Rennes,French Ligue 1,1.69,0.76,67.44
61,61,Sporting CP,Portuguese Liga,1.73,0.81,67.07
62,58,Leeds United,Barclays Premier League,2.08,1.09,67.03
63,62,Marseille,French Ligue 1,1.68,0.78,66.93
64,72,PSV,Dutch Eredivisie,2.08,1.1,66.8
65,83,Fiorentina,Italy Serie A,1.78,0.87,66.65
66,65,Dinamo Zagreb,UEFA Europa League,1.98,1.04,66.47
67,68,Burnley,Barclays Premier League,1.67,0.8,66.19
68,71,Granada,Spanish Primera Division,1.69,0.82,66.14
69,66,FC Krasnodar,Russian Premier Liga,1.86,0.95,66.14
70,80,Fulham,Barclays Premier League,1.71,0.83,66.13
71,63,Osasuna,Spanish Primera Division,1.74,0.87,65.93
72,53,Crystal Palace,Barclays Premier League,1.79,0.92,65.48
73,73,River Plate,Argentina Primera Division,1.74,0.88,65.48
74,79,Alavés,Spanish Primera Division,1.64,0.81,65.47
75,75,Udinese,Italy Serie A,1.63,0.8,65.46
76,69,Valencia,Spanish Primera Division,1.85,0.98,65.34
77,76,Sassuolo,Italy Serie A,1.92,1.05,65.2
78,77,CSKA Moscow,Russian Premier Liga,1.72,0.89,64.9
79,78,São Paulo,Brasileiro Série A,1.58,0.78,64.85
80,74,Grêmio,Brasileiro Série A,1.63,0.82,64.84
81,67,Cadiz,Spanish Primera Division,1.55,0.76,64.63
82,81,Slavia Prague,UEFA Europa League,1.92,1.08,64.42
83,86,Braga,Portuguese Liga,1.84,1.01,64.35
84,87,SD Huesca,Spanish Primera Division,1.63,0.85,64.27
85,93,Werder Bremen,German Bundesliga,1.74,0.95,63.9
86,85,AFC Bournemouth,English League Championship,1.74,0.97,63.55
87,91,Celtic,Scottish Premiership,2.03,1.21,63.52
88,89,Dynamo Kiev,UEFA Europa League,1.87,1.08,63.45
89,84,Newcastle,Barclays Premier League,1.68,0.92,63.45
90,88,LASK Linz,Austrian T-Mobile Bundesliga,1.82,1.05,63.1
91,97,Brentford,English League Championship,1.59,0.86,63.08
92,82,Sheffield United,Barclays Premier League,1.65,0.91,62.98
93,92,FC Cologne,German Bundesliga,1.76,1.01,62.81
94,90,Palmeiras,Brasileiro Série A,1.57,0.88,62.01
95,95,Spartak Moscow,Russian Premier Liga,1.65,0.95,61.89
96,98,Guangzhou Evergrande,Chinese Super League,1.87,1.15,61.79
97,103,Bodo/Glimt,Norwegian Tippeligaen,2.33,1.55,61.76
98,96,Lens,French Ligue 1,1.64,0.96,61.64
99,94,Real Valladolid,Spanish Primera Division,1.61,0.93,61.51
100,113,Galatasaray,Turkish Turkcell Super Lig,1.74,1.05,61.5
101,100,Espanyol,Spanish Segunda Division,1.55,0.89,61.42
102,107,FC Midtjylland,Danish SAS-Ligaen,1.77,1.08,61.35
103,101,Sampdoria,Italy Serie A,1.78,1.1,61.15
104,102,Kawasaki Frontale,Japanese J League,1.93,1.23,61.07
105,99,FC Augsburg,German Bundesliga,1.63,0.97,61.0
106,106,PAOK Salonika,Greek Super League,1.47,0.85,60.57
107,115,Bologna,Italy Serie A,1.74,1.09,60.55
108,105,Verona,Italy Serie A,1.61,0.98,60.43
109,110,Boca Juniors,Argentina Primera Division,1.47,0.87,60.25
110,104,AZ,Dutch Eredivisie,1.92,1.28,59.88
111,109,Mainz,German Bundesliga,1.77,1.15,59.65
112,111,Atletico Mineiro,Brasileiro Série A,1.62,1.02,59.63
113,116,Angers,French Ligue 1,1.46,0.89,59.46
114,114,Watford,English League Championship,1.56,0.98,59.37
115,126,Feyenoord,Dutch Eredivisie,1.8,1.2,59.21
116,121,Internacional,Brasileiro Série A,1.41,0.85,59.21
117,129,St Etienne,French Ligue 1,1.48,0.94,58.8
118,108,Strasbourg,French Ligue 1,1.61,1.05,58.57
119,123,Genk,Belgian Jupiler League,1.91,1.33,58.51
120,122,Norwich City,English League Championship,1.67,1.11,58.47
121,118,Bordeaux,French Ligue 1,1.43,0.9,58.39
122,119,Shanghai SIPG,Chinese Super League,1.69,1.13,58.37
123,120,Beijing Guoan,Chinese Super League,1.76,1.21,58.34
124,117,Montpellier,French Ligue 1,1.67,1.13,58.24
125,139,Besiktas,Turkish Turkcell Super Lig,1.86,1.31,57.8
126,127,Torino,Italy Serie A,1.7,1.17,57.75
127,143,Molde,Norwegian Tippeligaen,2.09,1.53,57.72
128,125,Basel,Swiss Raiffeisen Super League,1.69,1.18,57.55
129,124,Elche,Spanish Primera Division,1.51,1.01,57.43
130,128,AEK Athens,Greek Super League,1.52,1.02,57.39
131,134,Metz,French Ligue 1,1.42,0.94,57.19
132,130,Sparta Prague,UEFA Europa League,1.74,1.25,56.89
133,135,Brest,French Ligue 1,1.7,1.22,56.76
134,131,Maccabi Tel-Aviv,UEFA Europa League,1.48,1.01,56.68
135,132,Tigres UANL,Mexican Primera Division Torneo Apertura,1.49,1.03,56.58
136,146,Arminia Bielefeld,German Bundesliga,1.5,1.05,56.33
137,142,Benevento,Italy Serie A,1.52,1.07,56.19
138,112,Nice,French Ligue 1,1.5,1.06,56.1
139,136,Malmo FF,Swedish Allsvenskan,1.73,1.27,56.09
140,138,Red Star Belgrade,UEFA Europa League,1.75,1.31,55.76
141,149,Reims,French Ligue 1,1.47,1.04,55.68
142,133,Parma,Italy Serie A,1.55,1.13,55.42
143,145,Cagliari,Italy Serie A,1.65,1.26,54.7
144,148,Sochi,Russian Premier Liga,1.45,1.07,54.58
145,150,León,Mexican Primera Division Torneo Apertura,1.49,1.11,54.56
146,137,West Bromwich Albion,Barclays Premier League,1.49,1.12,54.39
147,144,Nantes,French Ligue 1,1.48,1.12,54.13
148,140,Cardiff City,English League Championship,1.43,1.08,54.07
149,153,Spezia,Italy Serie A,1.53,1.18,54.01
150,152,Ferencvaros,UEFA Champions League,1.62,1.26,53.98
151,155,Genoa,Italy Serie A,1.49,1.14,53.9
152,154,Lokomotiv Moscow,Russian Premier Liga,1.42,1.08,53.82
153,176,Guimaraes,Portuguese Liga,1.34,0.99,53.8
154,156,Dinamo Moscow,Russian Premier Liga,1.33,1.0,53.57
155,163,Fenerbahce,Turkish Turkcell Super Lig,1.74,1.4,53.5
156,141,Alanyaspor,Turkish Turkcell Super Lig,1.43,1.11,53.35
157,159,Velez Sarsfield,Argentina Primera Division,1.22,0.9,53.34
158,161,Bragantino,Brasileiro Série A,1.33,1.0,53.32
159,160,Hapoel Be'er,UEFA Europa League,1.62,1.29,53.32
160,147,Trabzonspor,Turkish Turkcell Super Lig,1.56,1.23,53.3
161,162,Monterrey,Mexican Primera Division Torneo Apertura,1.56,1.24,53.09
162,185,Antwerp,Belgian Jupiler League,1.55,1.23,53.08
163,157,Stoke City,English League Championship,1.26,0.95,53.05
164,168,Santos,Brasileiro Série A,1.38,1.07,52.96
165,167,Rapid Vienna,Austrian T-Mobile Bundesliga,1.77,1.46,52.84
166,180,Lorient,French Ligue 1,1.42,1.12,52.82
167,164,Fluminense,Brasileiro Série A,1.3,1.0,52.8
168,165,CSKA Sofia,UEFA Europa League,1.32,1.02,52.77
169,166,Rostov,Russian Premier Liga,1.39,1.09,52.68
170,175,Swansea City,English League Championship,1.31,1.01,52.63
171,181,Blackburn,English League Championship,1.46,1.17,52.46
172,169,Anderlecht,Belgian Jupiler League,1.44,1.16,52.44
173,171,Vitesse,Dutch Eredivisie,1.61,1.32,52.43
174,158,Schalke 04,German Bundesliga,1.55,1.26,52.41
175,183,Middlesbrough,English League Championship,1.32,1.03,52.39
176,170,Cruz Azul,Mexican Primera Division Torneo Apertura,1.5,1.22,52.37
177,151,Istanbul Basaksehir,Turkish Turkcell Super Lig,1.72,1.44,52.12
178,173,Pachuca,Mexican Primera Division Torneo Apertura,1.3,1.03,52.09
179,191,SK Sturm Graz,Austrian T-Mobile Bundesliga,1.49,1.22,51.93
180,177,Defensa y Justicia,Argentina Primera Division,1.28,1.02,51.81
181,182,Santos Laguna,Mexican Primera Division Torneo Apertura,1.46,1.21,51.55
182,190,FC Utrecht,Dutch Eredivisie,1.65,1.4,51.36
183,174,Crotone,Italy Serie A,1.38,1.14,51.29
184,184,Jiangsu Suning FC,Chinese Super League,1.5,1.26,51.28
185,198,Ceará,Brasileiro Série A,1.37,1.14,51.07
186,178,FC Copenhagen,Danish SAS-Ligaen,1.56,1.34,51.05
187,179,Rio Ave,Portuguese Liga,1.19,0.96,51.04
188,186,Los Angeles FC,Major League Soccer,1.78,1.55,50.97
189,202,KAA Gent,Belgian Jupiler League,1.56,1.34,50.96
190,187,Philadelphia Union,Major League Soccer,1.6,1.38,50.91
191,188,CFR 1907 Cluj,UEFA Europa League,1.47,1.25,50.79
192,213,Wolfsberger AC,Austrian T-Mobile Bundesliga,1.67,1.45,50.75
193,189,New York City FC,Major League Soccer,1.67,1.46,50.69
194,207,AGF Aarhus,Danish SAS-Ligaen,1.57,1.36,50.58
195,192,Ludogorets,UEFA Europa League,1.54,1.35,50.16
196,209,Dijon FCO,French Ligue 1,1.28,1.09,50.12
197,193,Sporting de Charleroi,Belgian Jupiler League,1.45,1.27,50.07
198,172,Mallorca,Spanish Segunda Division,1.21,1.02,50.01
199,194,Club América,Mexican Primera Division Torneo Apertura,1.49,1.3,50.0
200,212,Toulouse,French Ligue 2,1.61,1.43,49.91
201,195,Lech Poznan,UEFA Europa League,1.34,1.16,49.84
202,197,Rubin Kazan,Russian Premier Liga,1.19,1.0,49.83
203,199,Shandong Luneng,Chinese Super League,1.6,1.43,49.81
204,241,Gazisehir Gaziantep,Turkish Turkcell Super Lig,1.48,1.31,49.53
205,203,Brondby,Danish SAS-Ligaen,1.55,1.39,49.46
206,201,CA Independiente,Argentina Primera Division,1.2,1.04,49.46
207,196,Corinthians,Brasileiro Série A,1.23,1.06,49.35
208,200,Pacos Ferreira,Portuguese Liga,1.3,1.14,49.3
209,205,Atlético Paranaense,Brasileiro Série A,1.17,1.02,48.99
210,208,Newell's Old Boys,Argentina Primera Division,1.24,1.11,48.58
211,211,Racing Club,Argentina Primera Division,1.18,1.06,48.4
212,204,Reading,English League Championship,1.29,1.17,48.35
213,214,Seattle Sounders FC,Major League Soccer,1.43,1.33,48.14
214,218,Barnsley,English League Championship,1.25,1.14,48.14
215,216,Millwall,English League Championship,1.19,1.08,47.93
216,217,FK Qarabag,UEFA Europa League,1.32,1.23,47.77
217,206,Fortaleza,Brasileiro Série A,1.13,1.03,47.71
218,215,St Gallen,Swiss Raiffeisen Super League,1.41,1.33,47.67
219,220,Panathinaikos,Greek Super League,1.08,0.98,47.54
220,210,Standard Liege,Belgian Jupiler League,1.34,1.3,46.78
221,227,Bahía,Brasileiro Série A,1.32,1.28,46.75
222,225,Hamburg SV,German 2. Bundesliga,1.45,1.42,46.45
223,222,Guadalajara,Mexican Primera Division Torneo Apertura,1.26,1.22,46.42
224,233,Preston North End,English League Championship,1.27,1.24,46.29
225,221,FC Nordsjaelland,Danish SAS-Ligaen,1.47,1.47,46.06
226,226,Morelia,Mexican Primera Division Torneo Clausura,1.43,1.42,46.04
227,242,FC Lugano,Swiss Raiffeisen Super League,1.23,1.22,45.72
228,228,Lanus,Argentina Primera Division,1.28,1.27,45.68
229,219,Santa Clara,Portuguese Liga,1.26,1.25,45.67
230,229,Atlético Goianiense,Brasileiro Série A,1.14,1.12,45.64
231,232,FC Khimki,Russian Premier Liga,1.34,1.35,45.53
232,234,Omonia Nicosia,UEFA Europa League,1.41,1.43,45.33
233,235,New England Revolution,Major League Soccer,1.4,1.43,45.11
234,230,Gil Vicente,Portuguese Liga,1.14,1.15,45.08
235,236,Portimonense,Portuguese Liga,1.14,1.15,45.04
236,237,Terek Grozny,Russian Premier Liga,1.09,1.1,44.96
237,224,Huddersfield Town,English League Championship,1.25,1.27,44.93
238,239,FC Zorya Luhansk,UEFA Europa League,1.27,1.29,44.92
239,261,Sivasspor,Turkish Turkcell Super Lig,1.2,1.22,44.87
240,223,Nimes,French Ligue 1,1.32,1.36,44.84
241,240,Talleres de Córdoba,Argentina Primera Division,1.21,1.23,44.82
242,231,Queens Park Rangers,English League Championship,1.29,1.33,44.7
243,252,Luton Town,English League Championship,1.1,1.12,44.64
244,243,Yokohama F. Marinos,Japanese J League,1.72,1.8,44.62
245,244,Famalicao,Portuguese Liga,1.24,1.28,44.6
246,246,Almeria,Spanish Segunda Division,1.13,1.16,44.55
247,245,Pumas Unam,Mexican Primera Division Torneo Apertura,1.25,1.3,44.41
248,247,Ural Sverdlovsk Oblast,Russian Premier Liga,1.16,1.2,44.32
249,249,Rotherham United,English League Championship,1.25,1.31,44.11
250,238,Derby County,English League Championship,1.08,1.12,44.1
251,250,Djurgardens IF,Swedish Allsvenskan,1.3,1.37,44.07
252,253,Nottingham Forest,English League Championship,1.11,1.15,44.05
253,255,Boavista,Portuguese Liga,1.11,1.17,43.88
254,254,SC Farense,Portuguese Liga,1.25,1.32,43.85
255,251,Aris Salonika,Greek Super League,1.32,1.4,43.8
256,259,Botafogo,Brasileiro Série A,1.21,1.29,43.49
257,248,FC Groningen,Dutch Eredivisie,1.15,1.23,43.42
258,262,Bristol City,English League Championship,1.18,1.28,43.21
259,260,Kashima Antlers,Japanese J League,1.27,1.39,42.93
260,263,Argentinos Juniors,Argentina Primera Division,1.0,1.08,42.87
261,264,FC Arsenal Tula,Russian Premier Liga,1.15,1.26,42.79
262,265,Rosario Central,Argentina Primera Division,1.15,1.27,42.73
263,268,Estudiantes,Argentina Primera Division,1.0,1.1,42.6
264,284,Sparta,Dutch Eredivisie,1.45,1.61,42.55
265,258,FC Twente,Dutch Eredivisie,1.39,1.55,42.44
266,272,Portland Timbers,Major League Soccer,1.47,1.65,42.13
267,286,Randers FC,Danish SAS-Ligaen,1.23,1.39,42.03
268,257,FC Luzern,Swiss Raiffeisen Super League,1.38,1.56,41.99
269,274,Necaxa,Mexican Primera Division Torneo Apertura,1.14,1.29,41.95
270,270,Vasco da Gama,Brasileiro Série A,1.12,1.27,41.8
271,277,Arsenal Sarandi,Argentina Primera Division,1.28,1.45,41.78
272,316,Yeni Malatyaspor,Turkish Turkcell Super Lig,1.19,1.36,41.71
273,279,Hannover 96,German 2. Bundesliga,1.18,1.35,41.71
274,271,Rosenborg,Norwegian Tippeligaen,1.34,1.53,41.66
275,295,Fortuna Düsseldorf,German 2. Bundesliga,1.26,1.44,41.62
276,269,Amiens,French Ligue 2,1.03,1.17,41.55
277,303,Rayo Vallecano,Spanish Segunda Division,1.05,1.2,41.48
278,280,Tianjin Teda,Chinese Super League,1.28,1.47,41.44
279,276,Konyaspor,Turkish Turkcell Super Lig,1.2,1.38,41.38
280,299,Moreirense,Portuguese Liga,1.04,1.19,41.34
281,282,Sporting Kansas City,Major League Soccer,1.36,1.57,41.31
282,267,Birmingham,English League Championship,1.09,1.26,41.3
283,289,Servette,Swiss Raiffeisen Super League,1.22,1.41,41.29
284,285,Atlético Tucumán,Argentina Primera Division,1.07,1.24,41.23
285,288,Chicago Fire,Major League Soccer,1.48,1.72,41.16
286,326,Heracles,Dutch Eredivisie,1.27,1.48,41.16
287,290,Minnesota United FC,Major League Soccer,1.42,1.65,41.11
288,256,Heerenveen,Dutch Eredivisie,1.48,1.71,41.1
289,291,Dundalk,UEFA Europa League,1.48,1.72,41.02
290,292,San Lorenzo,Argentina Primera Division,1.14,1.33,40.96
291,266,Troyes,French Ligue 2,1.1,1.28,40.89
292,293,FC Ufa,Russian Premier Liga,0.94,1.1,40.81
293,294,Columbus Crew,Major League Soccer,1.28,1.5,40.81
294,313,Clermont Foot,French Ligue 2,1.0,1.18,40.76
295,301,Maritimo,Portuguese Liga,1.09,1.29,40.76
296,297,Orlando City SC,Major League Soccer,1.32,1.56,40.56
297,306,Auxerre,French Ligue 2,1.21,1.43,40.55
298,331,SC Paderborn,German 2. Bundesliga,1.22,1.45,40.54
299,298,Inter Miami CF,Major League Soccer,1.28,1.51,40.49
300,278,Monza,Italy Serie B,1.2,1.42,40.44
301,300,Patronato,Argentina Primera Division,1.2,1.43,40.35
302,302,Gimnasia La Plata,Argentina Primera Division,0.98,1.17,40.3
303,308,Leganes,Spanish Segunda Division,0.98,1.18,40.23
304,304,Tijuana,Mexican Primera Division Torneo Apertura,1.15,1.38,40.19
305,305,IFK Norrkoping,Swedish Allsvenskan,1.53,1.82,40.17
306,314,Goiás,Brasileiro Série A,1.15,1.38,40.08
307,287,OH Leuven,Belgian Jupiler League,1.39,1.66,40.04
308,328,PEC Zwolle,Dutch Eredivisie,1.25,1.5,39.96
309,325,Sport Recife,Brasileiro Série A,1.09,1.32,39.93
310,311,Colorado Rapids,Major League Soccer,1.37,1.65,39.89
311,312,Slovan Liberec,UEFA Europa League,1.19,1.44,39.87
312,310,C.D. Nacional,Portuguese Liga,1.1,1.34,39.83
313,275,Goztepe,Turkish Turkcell Super Lig,1.21,1.46,39.76
314,281,FC Zurich,Swiss Raiffeisen Super League,1.26,1.53,39.74
315,315,Toronto FC,Major League Soccer,1.29,1.57,39.67
316,317,Banfield,Argentina Primera Division,0.98,1.2,39.66
317,307,Coventry City,English League Championship,1.07,1.31,39.63
318,350,Grenoble,French Ligue 2,0.99,1.21,39.6
319,319,Atlas,Mexican Primera Division Torneo Apertura,1.08,1.32,39.56
320,320,Rijeka,UEFA Europa League,1.28,1.56,39.55
321,309,Belenenses,Portuguese Liga,0.91,1.11,39.54
322,283,St. Pölten,Austrian T-Mobile Bundesliga,1.37,1.66,39.52
323,321,Arizona United,United Soccer League,1.48,1.8,39.5
324,322,FC Dallas,Major League Soccer,1.27,1.55,39.47
325,323,Querétaro,Mexican Primera Division Torneo Apertura,1.17,1.44,39.38
326,324,Kashiwa Reysol,Japanese J League,1.26,1.55,39.36
327,329,Union Santa Fe,Argentina Primera Division,1.0,1.25,39.16
328,330,Asteras Tripolis,Greek Super League,1.04,1.3,39.02
329,332,BK Hacken,Swedish Allsvenskan,1.07,1.34,38.97
330,340,Odense BK,Danish SAS-Ligaen,1.19,1.49,38.89
331,334,New York Red Bulls,Major League Soccer,1.3,1.63,38.83
332,318,Tondela,Portuguese Liga,1.1,1.39,38.77
333,296,AaB,Danish SAS-Ligaen,1.14,1.44,38.73
334,336,Shanghai Greenland,Chinese Super League,1.34,1.68,38.68
335,337,Henan Jianye,Chinese Super League,1.25,1.57,38.55
336,342,Fatih Karagümrük,Turkish Turkcell Super Lig,1.2,1.52,38.54
337,338,FC Juárez,Mexican Primera Division Torneo Apertura,1.12,1.42,38.51
338,358,SpVgg Greuther Fürth,German 2. Bundesliga,1.18,1.5,38.45
339,354,Wycombe Wanderers,English League Championship,1.11,1.42,38.33
340,341,VfL Bochum,German 2. Bundesliga,1.2,1.53,38.29
341,343,Toluca,Mexican Primera Division Torneo Apertura,1.24,1.59,38.16
342,344,Hebei China Fortune FC,Chinese Super League,1.29,1.65,38.14
343,353,FK Austria Vienna,Austrian T-Mobile Bundesliga,1.15,1.48,38.14
344,335,Coritiba,Brasileiro Série A,1.05,1.36,38.13
345,365,KV Mechelen,Belgian Jupiler League,1.37,1.74,38.11
346,346,Mamelodi Sundowns,South African ABSA Premier League,0.98,1.26,38.09
347,347,KFCO Beerschot-Wilrijk,Belgian Jupiler League,1.58,1.99,38.08
348,367,Lausanne Sports,Swiss Raiffeisen Super League,1.12,1.44,38.02
349,333,Hibernian,Scottish Premiership,1.13,1.46,37.96
350,348,Huracán,Argentina Primera Division,0.95,1.24,37.93
351,349,Hammarby,Swedish Allsvenskan,1.48,1.89,37.89
352,356,Sheffield Wednesday,English League Championship,0.97,1.27,37.81
353,371,Holstein Kiel,German 2. Bundesliga,1.18,1.53,37.8
354,395,Valerenga,Norwegian Tippeligaen,1.18,1.53,37.74
355,357,Wuhan Zall,Chinese Super League,1.17,1.53,37.62
356,273,Kasimpasa,Turkish Turkcell Super Lig,1.24,1.61,37.57
357,368,Antalyaspor,Turkish Turkcell Super Lig,1.08,1.42,37.57
358,359,Cerezo Osaka,Japanese J League,0.97,1.28,37.56
359,360,Nagoya Grampus Eight,Japanese J League,0.9,1.2,37.55
360,351,Karlsruher SC,German 2. Bundesliga,1.2,1.57,37.42
361,361,Atlanta United FC,Major League Soccer,1.11,1.46,37.41
362,345,KV Kortrijk,Belgian Jupiler League,1.16,1.53,37.36
363,362,Atromitos,Greek Super League,1.0,1.33,37.25
364,327,Girona FC,Spanish Segunda Division,0.86,1.16,37.2
365,363,Central Córdoba Santiago del Estero,Argentina Primera Division,1.0,1.34,37.16
366,386,Aberdeen,Scottish Premiership,1.07,1.44,37.0
367,366,1. FC Heidenheim 1846,German 2. Bundesliga,1.04,1.4,37.0
368,378,Caykur Rizespor,Turkish Turkcell Super Lig,1.25,1.66,36.98
369,369,Nashville SC,Major League Soccer,0.99,1.33,36.92
370,383,SV Darmstadt 98,German 2. Bundesliga,1.23,1.65,36.74
371,352,Lecce,Italy Serie B,1.21,1.62,36.74
372,339,SV Zulte Waregem,Belgian Jupiler League,1.23,1.64,36.7
373,372,Dalian Aerbin,Chinese Super League,1.29,1.73,36.66
374,355,Eupen,Belgian Jupiler League,1.13,1.53,36.65
375,379,Hartberg,Austrian T-Mobile Bundesliga,1.3,1.74,36.51
376,374,Kaizer Chiefs,South African ABSA Premier League,1.01,1.39,36.44
377,376,KV Oostende,Belgian Jupiler League,1.12,1.53,36.3
378,377,Houston Dynamo,Major League Soccer,1.28,1.73,36.3
379,375,Sporting Gijón,Spanish Segunda Division,0.81,1.14,36.2
380,391,Willem II,Dutch Eredivisie,1.3,1.76,36.12
381,380,Sanfrecce Hiroshima,Japanese J League,0.91,1.28,36.03
382,364,Sonderjyske,Danish SAS-Ligaen,1.13,1.56,35.98
383,381,FC Tambov,Russian Premier Liga,0.99,1.38,35.94
384,373,1. FC Nürnberg,German 2. Bundesliga,1.1,1.53,35.82
385,382,Hull City,English League One,1.16,1.6,35.8
386,384,San Jose Earthquakes,Major League Soccer,1.29,1.78,35.71
387,387,Real Oviedo,Spanish Segunda Division,0.96,1.36,35.65
388,388,Puebla,Mexican Primera Division Torneo Apertura,1.04,1.46,35.64
389,390,FK Volgograd,Russian Premier Liga,0.93,1.33,35.48
390,392,IF Elfsborg,Swedish Allsvenskan,1.2,1.68,35.41
391,393,Atlético San Luis,Mexican Primera Division Torneo Apertura,1.09,1.53,35.39
392,394,Melbourne City,Australian A-League,1.17,1.64,35.39
393,398,Hatayspor,Turkish Turkcell Super Lig,1.01,1.44,35.31
394,396,Sydney FC,Australian A-League,1.12,1.58,35.2
395,427,Fuenlabrada,Spanish Segunda Division,0.93,1.36,35.02
396,401,FC Sion,Swiss Raiffeisen Super League,1.07,1.53,35.02
397,370,WSG Swarovski Wattens,Austrian T-Mobile Bundesliga,1.15,1.64,34.86
398,399,OFI Crete,Greek Super League,1.06,1.52,34.85
399,400,Chongqing Lifan,Chinese Super League,1.08,1.56,34.78
400,389,Viking FK,Norwegian Tippeligaen,1.35,1.92,34.4
401,403,Los Angeles Galaxy,Major League Soccer,1.27,1.83,34.26
402,404,Portsmouth,English League One,1.03,1.52,34.19
403,406,Sunderland,English League One,0.98,1.47,34.01
404,428,St. Truidense,Belgian Jupiler League,1.14,1.68,33.96
405,408,Gamba Osaka,Japanese J League,1.02,1.53,33.76
406,409,Guangzhou RF,Chinese Super League,1.44,2.07,33.73
407,410,Orlando Pirates,South African ABSA Premier League,0.98,1.48,33.73
408,411,FC Tokyo,Japanese J League,0.93,1.41,33.7
409,412,Real Salt Lake,Major League Soccer,1.0,1.51,33.64
410,413,Aldosivi,Argentina Primera Division,0.86,1.33,33.63
411,420,Fortuna Sittard,Dutch Eredivisie,1.28,1.87,33.59
412,414,Tianjin Quanujian,Chinese Super League,1.16,1.73,33.51
413,402,Spal,Italy Serie B,0.97,1.48,33.47
414,415,AIK,Swedish Allsvenskan,0.87,1.36,33.28
415,397,Kristiansund BK,Norwegian Tippeligaen,1.27,1.88,33.18
416,436,Mouscron-Peruwelz,Belgian Jupiler League,1.0,1.54,33.09
417,424,Empoli,Italy Serie B,1.02,1.57,33.09
418,456,Sochaux,French Ligue 2,0.94,1.47,33.08
419,441,Cittadella,Italy Serie B,0.99,1.53,33.07
420,385,Mirandes,Spanish Segunda Division,0.84,1.33,33.04
421,407,Lugo,Spanish Segunda Division,0.82,1.31,33.03
422,430,Paris FC,French Ligue 2,0.98,1.52,32.99
423,418,Jahn Regensburg,German 2. Bundesliga,1.07,1.65,32.88
424,421,Mazatlán FC,Mexican Primera Division Torneo Apertura,1.06,1.64,32.86
425,425,Shenzhen FC,Chinese Super League,1.19,1.81,32.64
426,422,Cercle Brugge,Belgian Jupiler League,1.16,1.78,32.48
427,417,Málaga,Spanish Segunda Division,0.81,1.32,32.41
428,419,Chievo Verona,Italy Serie B,0.95,1.51,32.4
429,450,SV Ried,Austrian T-Mobile Bundesliga,1.2,1.85,32.33
430,426,Louisville City FC,United Soccer League,1.08,1.69,32.24
431,429,Mjallby,Swedish Allsvenskan,1.17,1.82,32.08
432,416,Las Palmas,Spanish Segunda Division,0.9,1.47,32.06
433,432,Perth Glory,Australian A-League,1.09,1.72,31.9
434,433,Newcastle Jets,Australian A-League,1.11,1.76,31.86
435,467,Tenerife,Spanish Segunda Division,0.8,1.36,31.51
436,405,Caen,French Ligue 2,0.94,1.54,31.46
437,434,Guingamp,French Ligue 2,0.96,1.57,31.44
438,437,Reno 1868 FC,United Soccer League,1.27,2.0,31.38
439,468,Denizlispor,Turkish Turkcell Super Lig,0.96,1.58,31.31
440,439,Consadole Sapporo,Japanese J League,1.09,1.76,31.31
441,440,Valenciennes,French Ligue 2,0.89,1.48,31.29
442,435,Emmen,Dutch Eredivisie,1.11,1.79,31.16
443,423,Brescia,Italy Serie B,1.04,1.71,31.01
444,445,IFK Goteborg,Swedish Allsvenskan,0.93,1.56,30.77
445,446,SD Ponferradina,Spanish Segunda Division,0.83,1.44,30.74
446,443,Ankaragucu,Turkish Turkcell Super Lig,0.98,1.64,30.65
447,442,FC Cartagena,Spanish Segunda Division,1.0,1.68,30.63
448,438,Genclerbirligi,Turkish Turkcell Super Lig,0.96,1.63,30.37
449,449,Peterborough United,English League One,1.04,1.74,30.32
450,451,Vissel Kobe,Japanese J League,1.17,1.92,30.22
451,452,Tampa Bay Rowdies,United Soccer League,0.96,1.64,30.21
452,447,Cashpoint SC Rheindorf Altach,Austrian T-Mobile Bundesliga,1.02,1.72,30.21
453,453,Montreal Impact,Major League Soccer,1.13,1.88,30.18
454,454,Wellington Phoenix,Australian A-League,1.1,1.83,30.17
455,455,Panetolikos,Greek Super League,0.86,1.51,30.07
456,444,FC St. Pauli,German 2. Bundesliga,1.05,1.78,30.01
457,457,Colon Santa Fe,Argentina Primera Division,0.83,1.48,29.95
458,461,Godoy Cruz,Argentina Primera Division,0.94,1.64,29.76
459,465,SuperSport United,South African ABSA Premier League,0.81,1.46,29.64
460,472,Erzgebirge Aue,German 2. Bundesliga,0.99,1.72,29.56
461,431,Odd BK,Norwegian Tippeligaen,1.18,1.99,29.43
462,470,Vejle,Danish SAS-Ligaen,1.02,1.78,29.39
463,469,Adelaide United,Australian A-League,1.22,2.05,29.37
464,476,AD Alcorcon,Spanish Segunda Division,0.68,1.29,29.35
465,475,Le Havre,French Ligue 2,0.85,1.54,29.23
466,464,Doncaster Rovers,English League One,0.99,1.74,29.16
467,474,Castellon,Spanish Segunda Division,0.89,1.6,29.08
468,473,Pittsburgh Riverhounds,United Soccer League,0.91,1.64,28.95
469,460,RKC,Dutch Eredivisie,1.06,1.86,28.85
470,471,CD Sabadell,Spanish Segunda Division,0.89,1.62,28.81
471,448,Kayserispor,Turkish Turkcell Super Lig,0.88,1.61,28.71
472,510,Stabaek,Norwegian Tippeligaen,0.95,1.72,28.65
473,463,SV Sandhausen,German 2. Bundesliga,0.99,1.77,28.6
474,462,Charlton Athletic,English League One,0.99,1.79,28.56
475,501,Livingston,Scottish Premiership,0.93,1.71,28.44
476,477,Bidvest Wits,South African ABSA Premier League,0.74,1.44,28.42
477,459,VfL Osnabruck,German 2. Bundesliga,0.92,1.69,28.4
478,480,Logrones,Spanish Segunda Division,0.8,1.53,28.33
479,458,Waasland-Beveren,Belgian Jupiler League,1.06,1.9,28.22
480,479,Larissa,Greek Super League,0.7,1.38,28.18
481,482,Urawa Red Diamonds,Japanese J League,0.92,1.71,28.07
482,483,Orebro SK,Swedish Allsvenskan,0.97,1.79,28.06
483,484,Varbergs BoIS FC,Swedish Allsvenskan,0.99,1.82,28.0
484,466,VVV Venlo,Dutch Eredivisie,1.17,2.08,27.87
485,485,San Antonio FC,United Soccer League,1.03,1.88,27.84
486,490,Real Zaragoza,Spanish Segunda Division,0.72,1.43,27.76
487,488,Lamia,Greek Super League,0.55,1.18,27.53
488,487,F.B.C Unione Venezia,Italy Serie B,0.74,1.49,27.47
489,478,Frosinone,Italy Serie B,0.79,1.56,27.35
490,489,DC United,Major League Soccer,1.02,1.91,27.15
491,493,AC Ajaccio,French Ligue 2,0.69,1.43,27.05
492,492,AS Nancy Lorraine,French Ligue 2,0.84,1.66,26.99
493,499,Motherwell,Scottish Premiership,0.83,1.65,26.94
494,500,FC Vaduz,Swiss Raiffeisen Super League,0.92,1.78,26.92
495,494,Guizhou Renhe,Chinese Super League,0.94,1.82,26.81
496,495,Western Sydney FC,Australian A-League,1.07,2.0,26.8
497,486,Fleetwood Town,English League One,0.81,1.63,26.79
498,497,Melbourne Victory,Australian A-League,1.07,2.01,26.6
499,498,Sagan Tosu,Japanese J League,0.76,1.57,26.58
500,491,ADO Den Haag,Dutch Eredivisie,1.05,1.99,26.57
501,502,Western United,Australian A-League,1.02,1.96,26.35
502,503,Shimizu S-Pulse,Japanese J League,1.1,2.07,26.28
503,504,Brisbane Roar,Australian A-League,0.91,1.81,26.16
504,506,Ipswich Town,English League One,0.77,1.61,26.08
505,505,AC Horsens,Danish SAS-Ligaen,0.85,1.73,25.97
506,508,Niort,French Ligue 2,0.87,1.77,25.89
507,509,FC Xanthi,Greek Super League,0.58,1.33,25.81
508,521,Haugesund,Norwegian Tippeligaen,0.98,1.94,25.79
509,512,Chambly Thelle FC,French Ligue 2,0.85,1.74,25.71
510,511,Oita Trinita,Japanese J League,0.69,1.52,25.51
511,507,Pordenone Calcio,Italy Serie B,0.74,1.61,25.34
512,558,Lincoln City,English League One,0.79,1.68,25.29
513,496,Erzurumspor,Turkish Turkcell Super Lig,0.86,1.83,24.66
514,523,Oxford United,English League One,0.8,1.75,24.63
515,540,Albacete,Spanish Segunda Division,0.61,1.45,24.55
516,516,Salernitana,Italy Serie B,0.77,1.71,24.3
517,517,Black Aces,South African ABSA Premier League,0.81,1.78,24.28
518,481,Kilmarnock,Scottish Premiership,0.74,1.68,24.21
519,514,Dunkerque,French Ligue 2,0.74,1.67,24.13
520,542,Dundee Utd,Scottish Premiership,0.72,1.65,24.06
521,520,Maritzburg Utd,South African ABSA Premier League,0.56,1.39,24.05
522,513,Würzburger Kickers,German 2. Bundesliga,0.83,1.82,24.02
523,529,Cosenza,Italy Serie B,0.71,1.66,23.85
524,531,SK Brann,Norwegian Tippeligaen,0.87,1.91,23.79
525,525,Sacramento Republic FC,United Soccer League,0.8,1.8,23.75
526,526,FC Cincinnati,Major League Soccer,0.75,1.72,23.73
527,527,IK Sirius,Swedish Allsvenskan,0.94,2.02,23.7
528,519,Cremonese,Italy Serie B,0.75,1.73,23.67
529,528,Vegalta Sendai,Japanese J League,0.8,1.81,23.52
530,522,FC Trenkwalder Admira,Austrian T-Mobile Bundesliga,0.95,2.05,23.46
531,518,Eintracht Braunschweig,German 2. Bundesliga,0.79,1.8,23.41
532,530,Helsingborgs IF,Swedish Allsvenskan,0.83,1.88,23.31
533,532,Vancouver Whitecaps,Major League Soccer,0.84,1.9,23.13
534,515,Pau,French Ligue 2,0.69,1.67,23.01
535,535,New Mexico United,United Soccer League,0.81,1.88,22.97
536,538,Rodez,French Ligue 2,0.69,1.69,22.75
537,533,Blackpool,English League One,0.69,1.69,22.74
538,556,St Mirren,Scottish Premiership,0.63,1.59,22.71
539,534,Reggina,Italy Serie B,0.72,1.75,22.63
540,539,Bloem Celtic,South African ABSA Premier League,0.8,1.9,22.37
541,524,Sarpsborg,Norwegian Tippeligaen,0.68,1.72,22.04
542,537,Stromsgodset,Norwegian Tippeligaen,0.96,2.17,22.01
543,541,Lyngby,Danish SAS-Ligaen,0.84,1.99,21.98
544,543,Orange County SC,United Soccer League,0.77,1.88,21.91
545,544,El Paso Locomotive FC,United Soccer League,0.66,1.7,21.89
546,546,Panionios,Greek Super League,0.51,1.45,21.84
547,553,Pisa,Italy Serie B,0.73,1.82,21.79
548,548,Austin Bold FC,United Soccer League,0.94,2.16,21.69
549,536,St Johnstone,Scottish Premiership,0.71,1.8,21.65
550,564,Gillingham,English League One,0.67,1.74,21.64
551,554,Salford City,English League Two,0.66,1.71,21.6
552,549,Charleston Battery,United Soccer League,0.74,1.86,21.6
553,545,Exeter City,English League Two,0.95,2.19,21.46
554,547,Vicenza,Italy Serie B,0.74,1.86,21.38
555,551,Volos NFC,Greek Super League,0.65,1.73,21.22
556,552,San Diego Loyal SC,United Soccer League,0.7,1.82,21.09
557,550,Chateauroux,French Ligue 2,0.62,1.7,20.8
558,569,US Pescara,Italy Serie B,0.66,1.78,20.66
559,557,Indy Eleven,United Soccer League,0.68,1.84,20.5
560,555,Accrington Stanley,English League One,0.7,1.87,20.41
561,559,Milton Keynes Dons,English League One,0.65,1.78,20.39
562,560,Shonan Bellmare,Japanese J League,0.58,1.68,20.11
563,561,Birmingham Legion FC,United Soccer League,0.84,2.15,19.81
564,563,Yokohama FC,Japanese J League,0.68,1.89,19.6
565,568,Reggiana,Italy Serie B,0.67,1.88,19.58
566,562,Sandefjord,Norwegian Tippeligaen,0.6,1.78,19.39
567,566,Highlands Park FC,South African ABSA Premier League,0.57,1.75,18.95
568,570,Virtus Entella,Italy Serie B,0.64,1.89,18.71
569,577,Crewe Alexandra,English League One,0.61,1.85,18.53
570,571,Miami FC,United Soccer League,0.83,2.25,18.46
571,572,Falkenbergs FF,Swedish Allsvenskan,0.74,2.11,18.32
572,580,Shrewsbury Town,English League One,0.59,1.85,18.25
573,573,Kalmar FF,Swedish Allsvenskan,0.6,1.86,18.23
574,574,Saint Louis FC,United Soccer League,0.64,1.94,18.03
575,575,Östersunds FK,Swedish Allsvenskan,0.65,1.97,17.92
576,565,IK Start,Norwegian Tippeligaen,0.67,2.04,17.68
577,581,Central Coast Mariners,Australian A-League,0.78,2.26,17.34
578,582,Golden Arrows,South African ABSA Premier League,0.43,1.63,17.14
579,589,Mjondalen,Norwegian Tippeligaen,0.55,1.86,17.02
580,578,Hamilton Academical,Scottish Premiership,0.72,2.18,16.95
581,583,Charlotte Independence,United Soccer League,0.66,2.09,16.87
582,584,North Carolina FC,United Soccer League,0.65,2.09,16.69
583,585,LA Galaxy II,United Soccer League,0.84,2.45,16.26
584,567,Cheltenham Town,English League Two,0.55,1.92,16.26
585,587,Wigan,English League One,0.65,2.11,16.21
586,579,Rochdale,English League One,0.69,2.2,16.18
587,593,Swindon Town,English League One,0.71,2.26,15.86
588,576,Burton Albion,English League One,0.78,2.38,15.85
589,594,Oldham Athletic,English League Two,0.83,2.47,15.83
590,586,Ascoli,Italy Serie B,0.58,2.04,15.61
591,591,Polokwane City FC,South African ABSA Premier League,0.47,1.84,15.52
592,592,Tulsa Roughnecks,United Soccer League,0.62,2.14,15.51
593,595,Memphis 901 FC,United Soccer League,0.74,2.37,15.25
594,603,Plymouth Argyle,English League One,0.65,2.25,14.9
595,590,Bristol Rovers,English League One,0.52,2.02,14.55
596,588,AFC Wimbledon,English League One,0.59,2.17,14.4
597,597,Carlisle United,English League Two,0.52,2.05,14.27
598,604,Crawley Town,English League Two,0.57,2.19,13.94
599,601,Chippa United,South African ABSA Premier League,0.26,1.54,13.92
600,602,Hartford Athletic,United Soccer League,0.66,2.37,13.84
601,596,Leyton Orient,English League Two,0.57,2.21,13.7
602,605,AmaZulu,South African ABSA Premier League,0.31,1.68,13.48
603,606,Real Monarchs SLC,United Soccer League,0.56,2.22,13.33
604,609,Forest Green Rovers,English League Two,0.39,1.87,13.33
605,607,Las Vegas Lights FC,United Soccer League,0.67,2.44,13.32
606,600,Bolton,English League Two,0.59,2.31,13.17
607,610,Baroka FC,South African ABSA Premier League,0.24,1.57,12.84
608,611,Tacoma Defiance,United Soccer League,0.65,2.49,12.51
609,598,Colchester United,English League Two,0.51,2.21,12.47
610,612,Portland Timbers 2,United Soccer League,0.79,2.78,12.37
611,613,Stellenbosch FC,South African ABSA Premier League,0.35,1.89,12.29
612,599,Ross County,Scottish Premiership,0.44,2.11,12.12
613,608,Port Vale,English League Two,0.54,2.32,12.1
614,628,Barrow,English League Two,0.52,2.28,12.1
615,616,Black Leopards,South African ABSA Premier League,0.39,2.03,11.75
616,614,Newport County,English League Two,0.39,2.04,11.65
617,615,Cambridge United,English League Two,0.39,2.06,11.57
618,617,Swope Park Rangers,United Soccer League,0.62,2.56,11.56
619,620,Tranmere Rovers,English League Two,0.42,2.13,11.53
620,619,Colorado Springs Switchbacks FC,United Soccer League,0.47,2.27,11.15
621,622,Mansfield Town,English League Two,0.44,2.25,10.89
622,623,Walsall,English League Two,0.42,2.23,10.59
623,618,Aalesund,Norwegian Tippeligaen,0.59,2.64,10.37
624,630,Morecambe,English League Two,0.43,2.3,10.24
625,624,Oklahoma City Energy FC,United Soccer League,0.42,2.3,10.16
626,625,New York Red Bulls II,United Soccer League,0.64,2.79,10.04
627,626,Rio Grande Valley FC Toros,United Soccer League,0.47,2.42,10.01
628,629,Bradford City,English League Two,0.3,2.05,9.91
629,627,Atlanta United 2,United Soccer League,0.57,2.67,9.86
630,621,Northampton Town,English League One,0.37,2.3,9.22
631,631,Scunthorpe,English League Two,0.31,2.32,8.02
632,632,Stevenage,English League Two,0.2,2.13,7.35
633,635,Harrogate Town,English League Two,0.2,2.24,6.7
634,636,Southend United,English League Two,0.2,2.26,6.68
635,634,Loudoun United FC,United Soccer League,0.34,2.65,6.51
636,633,Grimsby Town,English League Two,0.24,2.47,6.14
637,637,Bethlehem Steel FC,United Soccer League,0.41,2.99,5.78
